header	line	function	test_refs	src_callers
src/App.h	58	documentsInventatoryPath	0	1
src/App.h	59	discoverInventatoryDataPath	0	2
src/App.h	74	uiMessagePresentation	5	1
src/App.h	88	uiMessageAcknowledgementPulseActive	4	1
src/App.h	93	uiMessageRowHeight	1	1
src/App.h	97	advanceWorkspaceGeneration	3	1
src/App.h	101	workspaceGenerationMatches	3	2
src/App.h	108	bomEnrichmentScopeMatches	5	1
src/App.h	121	quickLabelResultIsTerminal	3	0
src/App.h	125	quickLabelResultMatchesRequest	2	0
src/App.h	141	quickLabelPrintCacheIdentityMatches	5	1
src/App.h	154	stagePrinterQueueSelection	2	1
src/App.h	164	parseIntegerInRange	6	2
src/App.h	180	updateInstallerLaunched	0	1
src/App.h	183	workAbandoned	0	1
src/App.h	184	updateMarkerPath	0	1
src/App.h	482	loadState	0	6
src/App.h	483	saveState	0	17
src/App.h	485	reloadInventoryState	0	2
src/App.h	486	saveInventoryState	0	4
src/App.h	487	refreshHistoryDetail	0	3
src/App.h	488	moveHistorySelection	0	2
src/App.h	489	moveHistoryRecordSelection	0	2
src/App.h	490	openSelectedHistoryCommit	0	1
src/App.h	491	beginHistoryCheckpoint	0	3
src/App.h	492	beginHistoryRestore	0	4
src/App.h	493	startHistorySearch	0	3
src/App.h	494	handleHistorySearchKey	0	2
src/App.h	495	cycleHistoryFilter	0	3
src/App.h	496	syncHistorySelectionToFilter	0	2
src/App.h	497	cancelHistoryAction	0	3
src/App.h	498	applyHistoryRevert	0	3
src/App.h	499	handleKey	0	3
src/App.h	500	handleStockKey	0	2
src/App.h	501	handleRackManagementKey	0	2
src/App.h	502	handleInventatoryScanSetupKey	0	2
src/App.h	503	handleDigiKeySetupKey	0	2
src/App.h	504	handleImportCsvKey	0	2
src/App.h	505	handleBomProjectKey	0	2
src/App.h	506	handleSettingsKey	0	2
src/App.h	507	handleOnboardingKey	0	2
src/App.h	508	handleUpdateKey	0	2
src/App.h	509	handleSearchKey	0	2
src/App.h	510	handleEditMenuKey	0	2
src/App.h	511	handleEditValueKey	0	2
src/App.h	512	handleRackValueKey	0	2
src/App.h	513	handleStockFilterKey	0	2
src/App.h	514	handleStocktakeCountKey	0	2
src/App.h	515	handleQuantityAdjustKey	0	2
src/App.h	516	handleBomRestockKey	0	2
src/App.h	517	handleHistoryKey	0	2
src/App.h	518	handleExitConfirmationKey	0	2
src/App.h	520	renderUi	0	2
src/App.h	521	renderHeaderUi	0	1
src/App.h	522	pageName	0	2
src/App.h	523	renderStockUi	0	2
src/App.h	524	renderStockListRows	0	2
src/App.h	529	renderStockDetailRows	0	2
src/App.h	532	renderRackManagementUi	0	2
src/App.h	533	renderInventatoryScanSetupUi	0	2
src/App.h	534	renderDigiKeySetupUi	0	2
src/App.h	535	renderImportCsvUi	0	2
src/App.h	536	renderBomProjectUi	0	2
src/App.h	537	renderHistoryUi	0	2
src/App.h	538	renderSettingsUi	0	2
src/App.h	539	renderSettingsAppearanceRows	0	2
src/App.h	540	renderOnboardingWordmark	0	1
src/App.h	541	wordmarkRevealRunning	0	2
src/App.h	542	renderOnboardingFrame	0	3
src/App.h	543	renderOnboardingContent	0	1
src/App.h	544	renderOnboardingUi	0	2
src/App.h	545	renderWizardUi	0	2
src/App.h	546	renderWizardContent	0	1
src/App.h	547	renderUpdateUi	0	2
src/App.h	548	renderUpdateContent	0	1
src/App.h	549	renderInventatoryScanSetupContent	0	2
src/App.h	550	settingsCategoryName	0	3
src/App.h	551	stockDateFilterName	0	4
src/App.h	552	stockDateFilterMatches	0	1
src/App.h	553	renderSearchBarUi	0	1
src/App.h	554	renderActionSheetUi	0	2
src/App.h	555	renderMessageUi	0	1
src/App.h	556	renderPageUi	0	1
src/App.h	559	currentActions	0	1
src/App.h	560	triggerMatches	0	1
src/App.h	561	dispatchAction	0	2
src/App.h	562	openActionSheet	0	2
src/App.h	563	handleActionSheetKey	0	2
src/App.h	564	target	9	13
src/App.h	566	handleMouse	0	2
src/App.h	567	moveUiFocus	0	2
src/App.h	568	activateFocusedTarget	0	2
src/App.h	570	setMessage	0	34
src/App.h	572	messageVisible	0	1
src/App.h	573	clearMessageIfExpired	0	2
src/App.h	574	requestUserExit	0	4
src/App.h	575	completeSettingsExit	0	2
src/App.h	576	restartDeviceService	0	9
src/App.h	577	processBackgroundWork	0	1
src/App.h	578	processPrinterWork	0	2
src/App.h	579	processScanDigiKeyEnrichment	0	2
src/App.h	580	beginDigiKeyRefresh	0	3
src/App.h	581	processDigiKeyRefresh	0	2
src/App.h	582	stopDigiKeyRefresh	0	1
src/App.h	583	beginUpdateCheckIfDue	0	2
src/App.h	584	beginUpdateChecks	0	4
src/App.h	585	processUpdateCheck	0	2
src/App.h	586	beginSoftwareUpdate	0	3
src/App.h	587	beginUpdatePreparation	0	1
src/App.h	588	beginUpdateDownload	0	1
src/App.h	589	beginUpdateVerification	0	1
src/App.h	590	processSoftwareUpdate	0	2
src/App.h	591	cancelSoftwareUpdate	0	1
src/App.h	592	retrySoftwareUpdate	0	1
src/App.h	593	dismissUpdateResult	0	1
src/App.h	594	loadUpdateCompletionMarker	0	2
src/App.h	595	writeUpdateMarker	0	1
src/App.h	597	prepareUpdateHandoff	0	1
src/App.h	598	beginScanFirmwareCheck	0	1
src/App.h	599	processScanFirmwareCheck	0	2
src/App.h	600	scanFirmwareStatus	0	1
src/App.h	601	runBackgroundLoop	0	1
src/App.h	602	runInteractiveLoop	0	1
src/App.h	603	stopWorkspaceBoundWork	0	5
src/App.h	607	stopWorkspaceBoundWorkUntil	0	2
src/App.h	610	cancelPendingDeviceRequests	0	2
src/App.h	611	stopPrinterWork	0	1
src/App.h	612	currentWorkspaceContext	0	10
src/App.h	613	activateWorkspaceContext	0	5
src/App.h	614	workspaceIsCurrent	0	4
src/App.h	615	saveActivitiesChecked	0	5
src/App.h	616	saveScannerCredentialChecked	0	3
src/App.h	617	saveScannerConfigChecked	0	4
src/App.h	618	savePendingAppSettings	0	1
src/App.h	619	hasPendingPersistence	0	3
src/App.h	620	markDirty	0	1
src/App.h	621	refreshPrinterState	0	7
src/App.h	622	enqueuePrinterProbe	0	4
src/App.h	623	enqueuePrinterWork	0	4
src/App.h	624	refreshInventoryMovements	0	4
src/App.h	625	refreshInventoryCommits	0	7
src/App.h	626	openPrinterSetup	0	2
src/App.h	627	printSelectedLabel	0	5
src/App.h	628	printWireLabel	1	4
src/App.h	629	printDeviceQuickLabel	0	2
src/App.h	631	storeQuickLabelPrintResult	0	2
src/App.h	633	clearQuickLabelPrintCache	0	4
src/App.h	634	addQuickLabelPreset	0	3
src/App.h	635	deleteQuickLabelPreset	0	3
src/App.h	636	moveQuickLabelPreset	0	3
src/App.h	637	testQuickLabelPreset	0	3
src/App.h	638	printLabelForItem	0	2
src/App.h	639	toggleAutoPrintScannedLabels	0	2
src/App.h	640	autoPrintScannedLabel	0	2
src/App.h	641	printerSummary	0	1
src/App.h	642	stageSelectedPrinterQueue	0	3
src/App.h	643	toggleSymbolStandard	0	3
src/App.h	644	openInventatoryScanSetup	0	4
src/App.h	645	openDigiKeySetup	0	3
src/App.h	646	advanceOnboarding	0	1
src/App.h	647	finishOnboarding	0	1
src/App.h	648	beginWizardTransition	0	2
src/App.h	651	updateWizardTransition	0	2
src/App.h	652	applyWizardTransitionTarget	0	1
src/App.h	653	regenerateInventatoryScanToken	0	2
src/App.h	654	clearInventatoryScanPairing	0	2
src/App.h	655	copyInventatoryScanToken	0	2
src/App.h	656	refreshBleSetupDiscovery	0	1
src/App.h	657	provisionSelectedBleSetupDevice	0	1
src/App.h	658	enqueueDeviceQuantity	0	1
src/App.h	659	enqueueDeviceStatus	0	1
src/App.h	660	processDeviceRequests	0	2
src/App.h	661	enqueueDeviceDebug	0	1
src/App.h	662	handleDeviceSync	0	3
src/App.h	663	processDeviceSyncEvents	0	2
src/App.h	664	refreshDeviceEventRecords	0	3
src/App.h	665	retryFailedDeviceEvents	0	2
src/App.h	666	discardFailedDeviceEvents	0	2
src/App.h	667	adjustDeviceDebugScroll	0	1
src/App.h	668	inventatoryScanDeviceSummary	0	1
src/App.h	669	renderDeviceDebugConsoleUi	0	1
src/App.h	671	filteredIndices	0	2
src/App.h	672	stockSearchMatches	0	2
src/App.h	673	selectedIndex	0	2
src/App.h	674	selectedItem	0	10
src/App.h	676	selectedPrinterQueue	0	2
src/App.h	678	syncSelectionToFilter	0	12
src/App.h	679	moveSelection	0	4
src/App.h	680	changePage	0	19
src/App.h	681	chooseInventatoryFolder	0	2
src/App.h	682	openSettings	0	3
src/App.h	683	beginSettingsEdit	0	1
src/App.h	684	settingsDraftHasChanges	0	2
src/App.h	685	saveSettingsDraft	0	8
src/App.h	686	cancelSettingsDraft	0	5
src/App.h	687	stageInventatoryFolder	0	5
src/App.h	688	testStagedPrinter	0	3
src/App.h	689	testStagedDigiKey	0	4
src/App.h	690	beginSettingsFieldEdit	0	6
src/App.h	691	commitSettingsFieldEdit	0	2
src/App.h	692	resetSelectedAppearanceColor	0	4
src/App.h	693	resetAppearanceColors	0	4
src/App.h	694	openAppearancePicker	0	4
src/App.h	695	moveAppearancePicker	0	2
src/App.h	696	applyAppearancePickerColor	0	2
src/App.h	697	closeAppearancePicker	0	3
src/App.h	698	armDeleteConfirmation	0	4
src/App.h	699	cancelDeleteConfirmation	0	3
src/App.h	700	clearDeleteConfirmationIfExpired	0	2
src/App.h	701	confirmDeleteSelectedItem	0	2
src/App.h	702	deleteConfirmationActive	0	4
src/App.h	703	deleteConfirmationReady	0	1
src/App.h	704	deleteConfirmationSecondsLeft	0	2
src/App.h	705	openSelectedDetail	0	2
src/App.h	706	openRackManagement	0	3
src/App.h	707	sortedRackIndices	0	3
src/App.h	708	selectedRack	0	5
src/App.h	710	selectedRackSlot	0	3
src/App.h	711	selectedRackItem	0	4
src/App.h	713	syncRackSelection	0	6
src/App.h	714	moveRackSlot	0	2
src/App.h	715	moveRackPage	0	3
src/App.h	716	beginOrCompleteRackMove	0	3
src/App.h	717	unassignSelectedRackItem	0	3
src/App.h	718	autoAssignSelectedRackItem	0	2
src/App.h	719	renameSelectedRack	0	2
src/App.h	720	changeSelectedRackType	0	2
src/App.h	721	createRackWithType	0	2
src/App.h	722	deleteSelectedRack	0	3
src/App.h	723	rackDeleteConfirmationActive	0	3
src/App.h	724	rackDeleteConfirmationReady	0	1
src/App.h	725	rackDeleteConfirmationSecondsLeft	0	2
src/App.h	726	cancelRackDeletion	0	2
src/App.h	727	confirmRackDeletion	0	2
src/App.h	728	jumpToRack	0	2
src/App.h	729	beginRackFilter	0	2
src/App.h	730	printSelectedRackPartLabel	0	2
src/App.h	731	printSelectedRackLabel	0	2
src/App.h	732	adjustSelectedRackItemQuantity	0	3
src/App.h	733	openSelectedRackItemDetail	0	2
src/App.h	734	openStockFilterPanel	0	3
src/App.h	735	openStockDateFilterSubmenu	0	2
src/App.h	736	applyStockDateFilter	0	2
src/App.h	737	applyStockSortOrder	0	2
src/App.h	738	resetStockFilters	0	2
src/App.h	739	startSearch	0	4
src/App.h	740	startClosestSearch	0	3
src/App.h	741	handleClosestSearchKey	0	2
src/App.h	742	clearClosestSearch	0	3
src/App.h	743	cancelInput	0	2
src/App.h	744	beginEditCurrentItem	0	5
src/App.h	745	beginEditImportCandidate	0	3
src/App.h	746	openFieldMenu	0	1
src/App.h	747	commitEditField	0	2
src/App.h	748	saveWorkingCopy	0	2
src/App.h	749	adjustQuantity	0	4
src/App.h	750	setSelectedQuantityFromInput	0	2
src/App.h	751	beginStocktake	0	2
src/App.h	752	cancelStocktake	0	4
src/App.h	753	finishStocktake	0	4
src/App.h	754	beginStocktakeCount	0	4
src/App.h	755	stocktakeCountFor	0	3
src/App.h	756	stocktakeCountedItems	0	2
src/App.h	757	captureUndoSnapshot	0	8
src/App.h	758	undoLastInventoryChange	0	4
src/App.h	759	logActivity	0	11
src/App.h	760	pushScanCode	0	1
src/App.h	761	processScans	0	2
src/App.h	762	beginCsvImport	0	4
src/App.h	763	cancelImportSession	0	4
src/App.h	764	commitImportStage	0	1
src/App.h	765	moveImportSelection	0	3
src/App.h	766	acceptImportCandidate	0	2
src/App.h	767	skipImportCandidate	0	2
src/App.h	768	finishImportReview	0	4
src/App.h	769	finishCsvImport	0	3
src/App.h	770	beginImportSync	0	1
src/App.h	771	processImportSync	0	2
src/App.h	772	retryImportSync	0	3
src/App.h	773	currentImportCandidate	0	3
src/App.h	775	importCompletionMessage	0	2
src/App.h	779	openBomProjects	0	1
src/App.h	780	beginBomProject	0	2
src/App.h	782	refreshBomAnalysis	0	3
src/App.h	783	bomComparisonCategory	0	2
src/App.h	785	sortBomAnalysisForProject	0	1
src/App.h	786	adjustBomBoards	0	4
src/App.h	787	cycleBomAlternate	0	2
src/App.h	788	beginBomRestock	0	3
src/App.h	789	deleteSelectedBomProject	0	2
src/App.h	790	openSelectedBomProject	0	4
src/App.h	791	moveBomSelection	0	3
src/App.h	792	beginBomBuild	0	3
src/App.h	793	advanceBomBuild	0	4
src/App.h	794	finishBomBuild	0	4
src/App.h	795	exportBomShortages	0	2
src/App.h	796	queueBomEnrichment	0	2
src/App.h	797	processBomEnrichment	0	2
src/App.h	798	saveBomProjects	2	5
src/App.h	799	exportInventory	0	3
src/App.h	800	backupData	0	3
src/App.h	801	restoreData	0	3
src/App.h	802	retrySaveState	0	3
src/App.h	803	bomBuildSteps	0	3
src/App.h	804	activeBomProject	0	4
src/App.h	807	openCurrentUrl	0	4
src/App.h	808	fieldLabel	0	4
src/App.h	809	currentFieldValue	0	3
src/App.h	810	fieldOptions	0	2
src/App.h	811	softwareVersion	0	6
src/App.h	812	itemDetailText	0	1
src/App.h	813	summaryLine	0	1
src/App.h	814	activePrompt	0	2
src/app/UpdateWizardPresentation.h	24	updatePreviewControlHints	1	1
src/app/UpdateWizardPresentation.h	28	updatePreviewVersionLine	1	1
src/app/UpdateWizardPresentation.h	33	updatePreviewStartsOnKey	3	1
src/app/UpdateWizardPresentation.h	54	cleanMarkdownInline	2	0
src/app/UpdateWizardPresentation.h	84	formatUpdateNotes	2	1
src/app/UpdateWizardPresentation.h	91	input	7	16
src/app/common/AppActionSupport.h	43	validScannerToken	0	0
src/app/common/AppActionSupport.h	48	resolveWorkspaceScannerCredential	0	1
src/app/common/AppActionSupport.h	61	resolveInventoryDatabasePath	0	1
src/app/common/AppActionSupport.h	75	splitFlexible	0	1
src/app/common/AppActionSupport.h	98	parseParameters	0	1
src/app/common/AppActionSupport.h	110	upsertParameter	0	0
src/app/common/AppActionSupport.h	131	mergeDigiKeyMetadata	0	2
src/app/common/AppActionSupport.h	239	createDigiKeyApi	0	2
src/app/common/AppActionSupport.h	248	digiKeyRefreshLookup	0	1
src/app/common/AppActionSupport.h	251	toLower	0	24
src/app/common/AppActionSupport.h	255	trim	0	58
src/app/settings/AppSettings.h	69	appearanceColorKey	0	2
src/app/settings/AppSettings.h	70	appearanceColorLabel	0	3
src/app/settings/AppSettings.h	71	appearanceColorHex	1	5
src/app/settings/AppSettings.h	72	parseAppearanceColorHex	5	3
src/app/settings/AppSettings.h	102	appSettingsDirectory	0	2
src/app/settings/AppSettings.h	103	appSettingsPath	0	3
src/app/settings/AppSettings.h	104	loadAppSettings	11	7
src/app/settings/AppSettings.h	105	saveAppSettings	13	10
src/app/settings/AppSettings.h	110	quickLabelsPath	1	3
src/app/settings/AppSettings.h	111	loadQuickLabels	7	6
src/app/settings/AppSettings.h	112	saveQuickLabels	6	3
src/app/shell/AppBootstrap.h	19	makeInventatoryDataPaths	1	5
src/app/shell/AppBootstrap.h	20	switchInventatoryDataPathsAfterSaving	2	2
src/app/shell/AppBootstrap.h	23	onboardingRequired	4	2
src/app/shell/AppNavigation.h	35	primaryNavigationEntries	1	1
src/app/shell/AppNavigation.h	39	primaryNavigationEntryForShortcut	3	1
src/core/bom/BomMatch.h	31	packageFromFootprint	12	4
src/core/bom/BomMatch.h	34	packageMatches	5	2
src/core/bom/BomMatch.h	39	parseElectricalValue	8	3
src/core/bom/BomMatch.h	42	looksLikePartNumber	4	2
src/core/bom/BomMatch.h	45	bomLineKey	1	5
src/core/bom/BomMatch.h	60	chosenCandidate	0	0
src/core/bom/BomMatch.h	63	chosenItemId	3	4
src/core/bom/BomMatch.h	80	bomBuildReady	2	6
src/core/bom/BomMatch.h	85	analyzeBom	4	2
src/core/bom/BomMatch.h	90	recomputeBomTotals	0	2
src/core/bom/BomMatchPrivate.h	18	splitOnUnderscore	0	2
src/core/bom/BomMatchPrivate.h	19	startsWithInsensitive	0	5
src/core/bom/BomMatchPrivate.h	20	diameterToken	0	2
src/core/bom/BomMatchPrivate.h	21	pinCountToken	0	2
src/core/bom/BomMatchPrivate.h	22	parseNumberWithMultiplier	0	2
src/core/bom/BomMatchPrivate.h	23	endsWith	0	3
src/core/bom/BomMatchPrivate.h	24	compactKey	0	2
src/core/bom/BomMatchPrivate.h	25	itemValueFor	0	1
src/core/bom/BomMatchPrivate.h	26	itemPackage	0	1
src/core/bom/BomMatchPrivate.h	27	sameText	0	1
src/core/bom/BomMatchPrivate.h	28	partNameHasToken	0	1
src/core/bom/BomMatchPrivate.h	29	scoreItem	0	2
src/core/bom/BomMatchPrivate.h	31	saturatingAdd	0	2
src/core/bom/BomMatchPrivate.h	32	saturatingMultiplyNonNegative	0	2
src/core/bom/BomProjectStore.h	41	loadBomProjects	3	2
src/core/bom/BomProjectStore.h	42	saveBomProjects	2	5
src/core/bom/BomProjectStore.h	46	validateBomProjects	0	2
src/core/bom/BomProjectStore.h	50	serializeBomMap	0	1
src/core/bom/BomProjectStore.h	51	deserializeBomMap	0	1
src/core/history/InventoryVersionInternal.h	12	serializeRackSnapshot	0	2
src/core/history/InventoryVersionInternal.h	16	ensureInventoryCommitSchema	0	2
src/core/history/InventoryVersionInternal.h	17	writeInventoryCommit	0	3
src/core/history/InventoryVersionInternal.h	20	validateInventoryCommitHistory	0	3
src/core/inventory/Inventory.h	86	hasMissingMetadata	0	3
src/core/inventory/Inventory.h	87	searchableText	0	2
src/core/inventory/Inventory.h	205	trim	0	58
src/core/inventory/Inventory.h	206	toLower	0	24
src/core/inventory/Inventory.h	207	toUpper	0	4
src/core/inventory/Inventory.h	208	nowTimestampString	0	9
src/core/inventory/Inventory.h	209	makeId	0	11
src/core/inventory/Inventory.h	210	inventatoryCategoryPrefix	0	1
src/core/inventory/Inventory.h	211	makeInventatoryId	0	1
src/core/inventory/Inventory.h	212	isInventatoryId	2	1
src/core/inventory/Inventory.h	213	ensureInventoryIdentifiers	6	6
src/core/inventory/Inventory.h	214	validateInventoryIdentifiers	0	3
src/core/inventory/Inventory.h	215	join	2	18
src/core/inventory/Inventory.h	216	split	1	2
src/core/inventory/Inventory.h	217	tokenizeQuery	0	3
src/core/inventory/Inventory.h	219	containsInsensitive	0	7
src/core/inventory/Inventory.h	220	effectiveReorderThreshold	2	1
src/core/inventory/Inventory.h	221	isLowStock	6	6
src/core/inventory/Inventory.h	222	matchesQuery	4	1
src/core/inventory/Inventory.h	225	filterItems	12	1
src/core/inventory/Inventory.h	228	rankedFilterItems	1	2
src/core/inventory/Inventory.h	230	findClosestPhysicalValues	3	2
src/core/inventory/Inventory.h	231	summarize	1	2
src/core/inventory/Inventory.h	232	makeInventoryHistoryPoint	1	3
src/core/inventory/Inventory.h	242	loadInventoryHistory	0	3
src/core/inventory/Inventory.h	243	saveInventoryHistory	0	3
src/core/inventory/Inventory.h	244	appendInventoryHistory	0	3
src/core/inventory/Inventory.h	249	items	223	26
src/core/inventory/Inventory.h	251	racks	63	17
src/core/inventory/Inventory.h	254	load	28	14
src/core/inventory/Inventory.h	255	save	19	2
src/core/inventory/Inventory.h	256	saveWithMovements	1	2
src/core/inventory/Inventory.h	257	saveWithDeviceEvent	0	2
src/core/inventory/Inventory.h	259	saveWithCommit	7	3
src/core/inventory/Inventory.h	263	findById	3	12
src/core/inventory/Inventory.h	265	findByCode	0	2
src/core/inventory/Inventory.h	267	findByMachineCode	1	4
src/core/inventory/Inventory.h	283	inventoryCommitDiff	6	6
src/core/inventory/Inventory.h	284	prepareInventoryCommitReverse	2	2
src/core/inventory/Inventory.h	286	ensureInventoryCommitHistory	3	2
src/core/inventory/Inventory.h	287	loadInventoryCommits	11	3
src/core/inventory/Inventory.h	288	loadInventoryCommit	2	4
src/core/inventory/Inventory.h	290	inventoryMovementDiff	2	3
src/core/inventory/Inventory.h	293	loadInventoryMovements	3	3
src/core/inventory/Inventory.h	295	rackAssignmentModeName	0	4
src/core/inventory/Inventory.h	296	parseRackAssignmentMode	0	3
src/core/inventory/Inventory.h	297	rackLocation	23	9
src/core/inventory/Inventory.h	298	isValidRackSlot	0	1
src/core/inventory/Inventory.h	299	reconcileRackAssignment	16	8
src/core/inventory/Inventory.h	300	reconcileRackAssignments	4	3
src/core/inventory/Inventory.h	301	setManualRackLocation	8	2
src/core/inventory/Inventory.h	302	rackNumberFromCode	6	4
src/core/inventory/Inventory.h	303	rackSlotLabel	3	4
src/core/inventory/Inventory.h	304	rackOccupiedSlotCount	5	3
src/core/inventory/Inventory.h	305	itemAtRackSlot	6	5
src/core/inventory/Inventory.h	307	moveItemToRackSlot	3	2
src/core/inventory/Inventory.h	309	unassignItemFromRack	1	2
src/core/inventory/Inventory.h	310	restoreAutomaticRackAssignment	1	2
src/core/inventory/Inventory.h	312	loadActivities	4	5
src/core/inventory/Inventory.h	313	saveActivities	4	2
src/core/inventory/Inventory.h	314	appendActivity	0	2
src/core/inventory/Inventory.h	315	makeActivity	0	3
src/core/inventory/Inventory.h	317	resolveScanCode	5	3
src/core/inventory/Inventory.h	319	serializeItem	2	4
src/core/inventory/Inventory.h	320	deserializeItem	1	2
src/core/inventory/Inventory.h	324	deserializeItemStrict	3	2
src/core/inventory/Inventory.h	325	serializeTagsForStorage	0	2
src/core/inventory/Inventory.h	326	deserializeTagsFromStorage	0	2
src/core/inventory/Inventory.h	327	deserializeTagsFromStorageStrict	0	1
src/core/inventory/Inventory.h	328	serializeParametersForStorage	0	4
src/core/inventory/Inventory.h	329	deserializeParametersFromStorage	0	2
src/core/inventory/Inventory.h	330	deserializeParametersFromStorageStrict	0	2
src/core/inventory/Inventory.h	331	serializeActivity	0	1
src/core/inventory/Inventory.h	332	deserializeActivity	0	1
src/core/inventory/InventoryInternals.h	10	nowEpoch	0	4
src/core/inventory/InventoryInternals.h	11	sanitizeIdPart	0	2
src/core/inventory/InventoryInternals.h	12	compactInventatoryDisplayCode	0	1
src/core/inventory/InventoryInternals.h	13	compactInventatoryBarcodeCode	0	1
src/core/inventory/InventoryInternals.h	14	matchesInventatoryScanCode	0	1
src/core/inventory/InventoryInternals.h	15	formatMachineCode	0	1
src/core/inventory/InventoryInternals.h	16	normalizeMachineCode	0	3
src/core/inventory/InventoryInternals.h	17	isMachineCode	0	2
src/core/inventory/InventoryInternals.h	18	buildVisibleInventatoryId	2	2
src/core/inventory/InventoryInternals.h	19	matchesMachineCode	0	2
src/core/parts/DecimalParse.h	16	parseClassicDecimal	0	3
src/core/parts/DecimalParse.h	17	stream	2	4
src/core/parts/PartDescriptor.h	28	describePart	5	1
src/core/parts/PartDescriptor.h	29	partShortDescription	3	4
src/core/parts/PartDescriptor.h	30	partPurposeLabel	0	1
src/core/parts/PartDescriptorPrivate.h	18	normalizedKey	0	2
src/core/parts/PartDescriptorPrivate.h	19	splitCategoryPath	0	1
src/core/parts/PartDescriptorPrivate.h	20	appendCategoryPath	0	1
src/core/parts/PartDescriptorPrivate.h	21	makeContext	0	2
src/core/parts/PartDescriptorPrivate.h	22	hasExactCategory	0	2
src/core/parts/PartDescriptorPrivate.h	23	hasCategoryPhrase	0	2
src/core/parts/PartDescriptorPrivate.h	24	hasParameter	0	6
src/core/parts/PartDescriptorPrivate.h	26	guardedTitleHas	0	2
src/core/parts/PartDescriptorPrivate.h	27	printAlias	0	1
src/core/parts/PartDescriptorPrivate.h	28	resolved	0	3
src/core/parts/PartDescriptorPrivate.h	30	discreteSemiconductorRule	0	2
src/core/parts/PartDescriptorPrivate.h	31	integratedCircuitRule	0	2
src/core/parts/PartDescriptorPrivate.h	32	specificCategoryMapping	0	2
src/core/parts/PartDescriptorPrivate.h	33	categoryMapping	0	2
src/core/parts/PartDescriptorPrivate.h	34	parentCategoryRule	0	2
src/core/parts/PartDescriptorPrivate.h	35	categoryAndParameterRule	0	2
src/core/parts/PartDescriptorPrivate.h	36	parentFamily	0	2
src/core/parts/PartDescriptorPrivate.h	37	fallbackCategory	0	2
src/core/parts/PhysicalValue.h	42	parsePhysicalValue	24	5
src/core/parts/PhysicalValue.h	47	comparePhysicalValues	13	3
src/core/parts/PhysicalValue.h	51	physicalValueMatchBandName	0	2
src/core/parts/PhysicalValue.h	55	parameterNameToType	0	3
src/core/query/InventoryQueryPrivate.h	18	bestPhysicalComparison	0	2
src/core/query/InventoryQueryPrivate.h	25	partNamePhysicalComparison	0	2
src/core/query/InventoryQueryPrivate.h	28	evaluateQueryWithRack	0	2
src/core/scanner/InventatoryScanProtocol.h	34	paired	2	1
src/core/scanner/InventatoryScanProtocol.h	182	loadInventatoryScanConfig	4	5
src/core/scanner/InventatoryScanProtocol.h	183	saveInventatoryScanConfig	2	2
src/core/scanner/InventatoryScanProtocol.h	184	generateInventatoryScanToken	1	5
src/core/scanner/InventatoryScanProtocol.h	185	inventatoryScanReplayStatePath	6	8
src/core/scanner/InventatoryScanProtocol.h	187	deviceRequestMac	2	2
src/core/scanner/InventatoryScanProtocol.h	189	deviceResponseMac	1	2
src/core/scanner/InventatoryScanProtocol.h	191	deviceTransportStateFingerprint	1	2
src/core/scanner/InventatoryScanProtocol.h	193	parseQuantityRequestJson	2	1
src/core/scanner/InventatoryScanProtocol.h	194	parseScanRequestJson	5	1
src/core/scanner/InventatoryScanProtocol.h	195	parseDebugReportJson	0	1
src/core/scanner/InventatoryScanProtocol.h	196	parseStatusReportJson	0	1
src/core/scanner/InventatoryScanProtocol.h	197	parseDeviceSyncRequestJson	14	2
src/core/scanner/InventatoryScanProtocol.h	198	deviceSyncResponseJson	11	2
src/core/scanner/InventatoryScanProtocol.h	199	acceptDeviceSyncEvents	5	2
src/core/scanner/InventatoryScanProtocol.h	201	loadPendingDeviceSyncEvents	5	2
src/core/scanner/InventatoryScanProtocol.h	203	loadDeviceSyncEventRecords	2	2
src/core/scanner/InventatoryScanProtocol.h	205	retryFailedDeviceSyncEvents	1	2
src/core/scanner/InventatoryScanProtocol.h	206	discardFailedDeviceSyncEvents	1	2
src/core/scanner/InventatoryScanProtocol.h	207	completeDeviceSyncEvent	7	2
src/core/scanner/InventatoryScanProtocol.h	209	lookupDeviceItem	6	3
src/core/scanner/InventatoryScanProtocol.h	212	applyDeviceQuantity	5	2
src/core/scanner/InventatoryScanProtocol.h	213	applyDeviceQuantityCached	6	2
src/core/scanner/InventatoryScanProtocol.h	218	debugResultJson	0	1
src/core/scanner/InventatoryScanProtocol.h	219	scanResultJson	0	1
src/core/scanner/InventatoryScanProtocol.h	220	quantityResultJson	0	1
src/core/scanner/InventatoryScanProtocol.h	221	statusResultJson	1	2
src/core/scanner/InventatoryScanProtocolPrivate.h	17	hexDigit	0	5
src/core/scanner/InventatoryScanProtocolPrivate.h	18	jsonMemberValuePosition	0	2
src/core/scanner/InventatoryScanProtocolPrivate.h	19	jsonEscape	0	3
src/core/scanner/InventatoryScanProtocolPrivate.h	20	jsonObjectIsComplete	0	2
src/core/scanner/InventatoryScanProtocolPrivate.h	21	jsonString	0	2
src/core/scanner/InventatoryScanProtocolPrivate.h	22	jsonInt	0	2
src/core/scanner/InventatoryScanProtocolPrivate.h	23	jsonBool	0	1
src/core/scanner/InventatoryScanProtocolPrivate.h	24	jsonObjectBody	0	2
src/core/scanner/InventatoryScanProtocolPrivate.h	25	jsonObjectArray	0	2
src/core/scanner/InventatoryScanProtocolPrivate.h	26	jsonStringArray	0	2
src/core/storage/AtomicFile.h	18	writeFileAtomically	0	7
src/core/storage/InventorySqlite.h	38	load	28	14
src/core/storage/InventorySqlite.h	41	sqliteApi	15	9
src/core/storage/InventorySqlite.h	53	sqliteText	3	8
src/core/storage/InventorySqlite.h	54	openDatabase	11	6
src/core/storage/InventorySqlite.h	55	openDatabaseReadOnly	3	5
src/core/storage/InventorySqlite.h	59	createSqliteSnapshot	0	2
src/core/storage/InventorySqlite.h	61	execSql	12	7
src/core/storage/InventorySqlite.h	62	tableExists	0	4
src/core/storage/InventorySqlite.h	63	tableColumnExists	0	2
src/core/storage/InventorySqlite.h	70	ensureInventoryDatabaseSchema	3	6
src/core/storage/InventorySqlite.h	71	validateInventoryDatabase	2	5
src/core/storage/InventorySqlite.h	76	sqliteInt32	0	5
src/core/storage/InventorySqlite.h	77	sqliteUInt64	0	3
src/core/storage/InventorySqlite.h	78	sqliteSize	0	4
src/core/storage/InventorySqlite.h	79	sqliteTime	0	7
src/core/storage/InventoryStorageInternal.h	12	ensureInventatoryTableSchema	0	2
src/core/storage/InventoryStorageInternal.h	13	loadRacks	0	2
src/core/storage/InventoryStorageInternal.h	14	loadItemsFromInventatoryTable	0	2
src/core/storage/InventoryStorageInternal.h	15	writeInventoryMovements	0	1
src/core/storage/InventoryStorageInternal.h	16	writeItemsToInventatoryTable	0	2
src/core/transfer/CsvExport.h	11	formulaPrefixAt	0	0
src/core/transfer/CsvExport.h	27	csvTextCell	8	2
src/core/transfer/InventoryTransfer.h	15	exportInventoryCsv	1	2
src/core/transfer/InventoryTransfer.h	30	createInventatoryBackup	11	2
src/core/transfer/InventoryTransfer.h	35	validateInventatoryBackup	15	3
src/core/transfer/InventoryTransfer.h	36	restoreInventatoryBackup	11	2
src/core/transfer/InventoryTransfer.h	50	recoverInventatoryRestore	5	2
src/core/transfer/InventoryTransferPrivate.h	46	copy	8	6
src/core/transfer/InventoryTransferPrivate.h	47	rename	1	6
src/core/transfer/InventoryTransferPrivate.h	48	removeAll	4	4
src/core/transfer/InventoryTransferPrivate.h	49	replace	13	9
src/core/transfer/InventoryTransferPrivate.h	52	hexBytes	0	4
src/core/transfer/InventoryTransferPrivate.h	53	sha256File	0	4
src/core/transfer/InventoryTransferPrivate.h	54	containsLineBreakOrTab	0	2
src/core/transfer/InventoryTransferPrivate.h	55	splitManifestRow	0	2
src/core/transfer/InventoryTransferPrivate.h	56	supportedBackupName	0	1
src/core/transfer/InventoryTransferPrivate.h	57	isSha256Digest	0	1
src/core/transfer/InventoryTransferPrivate.h	58	lowercaseAscii	0	3
src/core/transfer/InventoryTransferPrivate.h	59	parseManifestSize	0	1
src/core/transfer/InventoryTransferPrivate.h	60	writeManifest	0	2
src/core/transfer/InventoryTransferPrivate.h	62	readManifest	0	3
src/core/transfer/InventoryTransferPrivate.h	64	validateEntries	0	2
src/core/transfer/InventoryTransferPrivate.h	65	validateWorkspaceData	0	3
src/core/transfer/InventoryTransferPrivate.h	66	validateWorkspaceSettings	0	3
src/core/transfer/InventoryTransferPrivate.h	68	equivalentPath	0	1
src/core/transfer/InventoryTransferPrivate.h	69	isLinkedOrReparseArtifact	0	3
src/core/transfer/InventoryTransferPrivate.h	70	pathsOverlap	0	4
src/core/transfer/InventoryTransferPrivate.h	71	ownedRestoreSibling	0	1
src/core/transfer/InventoryTransferPrivate.h	72	inspectOwnedArtifact	0	2
src/core/transfer/InventoryTransferPrivate.h	74	validateJournalOwnership	0	2
src/core/transfer/InventoryTransferPrivate.h	77	copyToAtomicTarget	0	1
src/core/transfer/InventoryTransferPrivate.h	79	restoreSettingsFromJournal	0	2
src/core/transfer/InventoryTransferPrivate.h	80	rollbackRestore	0	2
src/core/transfer/InventoryTransferPrivate.h	81	cleanupCommittedRestore	0	2
src/core/transfer/InventoryTransferPrivate.h	83	saveRestoreSettings	0	2
src/core/transfer/InventoryTransferPrivate.h	85	uniqueSibling	0	1
src/core/transfer/InventoryTransferPrivate.h	86	chooseUnusedSibling	0	4
src/core/transfer/InventoryTransferPrivate.h	88	createUniqueDirectory	0	3
src/core/transfer/InventoryTransferPrivate.h	90	atomicWriteText	0	1
src/core/transfer/InventoryTransferPrivate.h	92	hexEncode	0	1
src/core/transfer/InventoryTransferPrivate.h	93	hexDecode	0	1
src/core/transfer/InventoryTransferPrivate.h	94	restoreJournalPath	0	3
src/core/transfer/InventoryTransferPrivate.h	95	writeRestoreJournal	0	3
src/core/transfer/InventoryTransferPrivate.h	97	readRestoreJournal	0	2
src/import/csv/CsvFormat.h	20	detectCsvFormat	4	2
src/import/csv/CsvFormat.h	22	csvFormatName	0	1
src/import/csv/CsvReader.h	17	stripByteOrderMark	1	4
src/import/csv/CsvReader.h	21	sniffDelimiter	3	4
src/import/csv/CsvReader.h	25	parseCsv	4	4
src/import/csv/CsvReader.h	29	normalizeHeader	0	1
src/import/csv/CsvReader.h	31	anyHeaderMatches	0	1
src/import/csv/CsvReader.h	34	findColumn	0	4
src/import/csv/CsvReader.h	37	csvCell	0	3
src/import/digikey/DigiKeyCsvImport.h	37	parseDigiKeyCsvText	8	2
src/import/digikey/DigiKeyCsvImport.h	38	loadDigiKeyCsvFile	1	1
src/import/digikey/DigiKeyCsvImport.h	40	mergeImportedMetadata	1	2
src/import/kicad/KicadBom.h	36	isNonOrderableDesignator	5	1
src/import/kicad/KicadBom.h	38	parseKicadBomText	8	2
src/import/kicad/KicadBom.h	39	loadKicadBomFile	1	1
src/import/kicad/KicadBom.h	42	projectNameFromPath	1	2
src/label_printer/core/LabelPrinter.h	76	enumeratePrinters	1	4
src/label_printer/core/LabelPrinter.h	77	probePrinter	1	3
src/label_printer/core/LabelPrinter.h	78	sendRawJob	1	4
src/label_printer/core/LabelPrinter.h	83	LabelPrinterService	13	1
src/label_printer/core/LabelPrinter.h	87	loadConfig	3	4
src/label_printer/core/LabelPrinter.h	88	saveConfig	3	3
src/label_printer/core/LabelPrinter.h	90	setConfiguredPrinter	2	4
src/label_printer/core/LabelPrinter.h	91	configuredPrinter	1	6
src/label_printer/core/LabelPrinter.h	92	hasConfiguredPrinter	1	7
src/label_printer/core/LabelPrinter.h	94	configuredPrinterInfo	1	2
src/label_printer/core/LabelPrinter.h	95	probeConfiguredPrinter	1	2
src/label_printer/core/LabelPrinter.h	97	buildLabelPlan	35	1
src/label_printer/core/LabelPrinter.h	98	buildZpl	20	1
src/label_printer/core/LabelPrinter.h	99	printItemLabel	1	2
src/label_printer/core/LabelPrinter.h	100	buildWireLabelZpl	2	1
src/label_printer/core/LabelPrinter.h	101	printWireLabel	1	4
src/label_printer/core/LabelPrinter.h	102	buildRackLabelPlan	4	1
src/label_printer/core/LabelPrinter.h	103	buildRackLabelZpl	10	1
src/label_printer/core/LabelPrinter.h	104	printRackLabel	2	2
src/label_printer/core/LabelPrinter.h	106	summaryText	0	1
src/label_printer/core/LabelPrinter.h	114	sanitizeLabelText	0	2
src/label_printer/core/LabelPrinterPrivate.h	20	uppercaseAscii	0	4
src/label_printer/core/LabelPrinterPrivate.h	21	lowerAscii	0	4
src/label_printer/core/LabelPrinterPrivate.h	22	shortCode	0	2
src/label_printer/core/LabelPrinterPrivate.h	23	fieldOrBlank	0	3
src/label_printer/core/LabelPrinterPrivate.h	24	sanitiseZplFragment	0	3
src/label_printer/core/LabelPrinterPrivate.h	25	shortParameterLabel	0	2
src/label_printer/core/LabelPrinterPrivate.h	26	shortValueLine	0	1
src/label_printer/core/LabelPrinterPrivate.h	27	compactDescriptor	0	2
src/label_printer/core/LabelPrinterPrivate.h	28	dateOnly	0	1
src/label_printer/core/LabelPrinterPrivate.h	29	compactJoin	0	1
src/label_printer/core/LabelPrinterPrivate.h	30	normalizeResistanceValue	0	2
src/label_printer/core/LabelPrinterPrivate.h	31	fitSingleLineLabel	0	3
src/label_printer/core/LabelPrinterPrivate.h	51	estimateFont0Width	7	4
src/label_printer/core/LabelPrinterPrivate.h	52	fitFont0Text	6	3
src/label_printer/core/LabelPrinterPrivate.h	54	isCompactManufacturerPartNumber	0	1
src/label_printer/core/LabelPrinterPrivate.h	55	cableFlagFont	0	2
src/label_printer/core/LabelPrinterPrivate.h	56	wrapLabelLines	0	1
src/label_printer/core/LabelPrinterPrivate.h	57	collectLineFromValues	0	1
src/label_printer/core/LabelPrinterPrivate.h	58	looksLikeFrequencyValue	0	3
src/label_printer/core/LabelPrinterPrivate.h	59	looksLikeInductanceValue	0	4
src/label_printer/core/LabelPrinterPrivate.h	60	canonicalInductanceUnit	0	3
src/label_printer/core/LabelPrinterPrivate.h	61	extractInductanceFromText	0	3
src/label_printer/core/LabelPrinterPrivate.h	62	parameterValueMatching	0	2
src/label_printer/core/LabelPrinterPrivate.h	65	firstParameter	0	2
src/label_printer/core/LabelPrinterPrivate.h	66	firstInductanceParameter	0	2
src/label_printer/core/LabelPrinterPrivate.h	67	itemTextContains	0	3
src/label_printer/core/LabelPrinterPrivate.h	68	itemTextTokens	0	1
src/label_printer/core/LabelPrinterPrivate.h	69	itemTextHasToken	0	2
src/label_printer/core/LabelPrinterPrivate.h	70	hasParameter	0	6
src/label_printer/core/LabelPrinterPrivate.h	72	sensorContextHeader	0	1
src/label_printer/core/LabelPrinterPrivate.h	73	diodeContextHeader	0	1
src/label_printer/core/LabelPrinterPrivate.h	74	startsWithInsensitive	0	5
src/label_printer/core/LabelPrinterPrivate.h	75	diodeMainLabelValue	0	2
src/label_printer/core/LabelPrinterPrivate.h	76	isIcLikeItem	0	2
src/label_printer/core/LabelPrinterPrivate.h	77	powerIcContextHeader	0	1
src/label_printer/core/LabelPrinterPrivate.h	78	analogIcContextHeader	0	1
src/label_printer/core/LabelPrinterPrivate.h	79	sensorIcContextHeader	0	1
src/label_printer/core/LabelPrinterPrivate.h	80	dataConverterContextHeader	0	1
src/label_printer/core/LabelPrinterPrivate.h	81	timingIcContextHeader	0	1
src/label_printer/core/LabelPrinterPrivate.h	82	driverIcContextHeader	0	1
src/label_printer/core/LabelPrinterPrivate.h	83	logicIcContextHeader	0	1
src/label_printer/core/LabelPrinterPrivate.h	84	memoryIcContextHeader	0	1
src/label_printer/core/LabelPrinterPrivate.h	85	integratedCircuitContextHeader	0	1
src/label_printer/core/LabelPrinterPrivate.h	86	transistorContextHeader	0	1
src/label_printer/core/LabelPrinterPrivate.h	87	fallbackContextHeader	0	1
src/label_printer/core/LabelPrinterPrivate.h	89	isMeasuredValueItem	0	2
src/label_printer/core/LabelPrinterPrivate.h	90	mainLabelValue	0	2
src/label_printer/core/LabelPrinterPrivate.h	91	mainLabelTolerance	0	2
src/label_printer/core/LabelPrinterPrivate.h	92	shortPackageLine	0	2
src/label_printer/core/LabelPrinterPrivate.h	93	manufacturerLine	5	2
src/label_printer/core/LabelPrinterPrivate.h	95	manufacturerCandidates	6	2
src/label_printer/core/LabelPrinterPrivate.h	96	normalizedShieldingLine	0	1
src/label_printer/core/LabelPrinterPrivate.h	97	labelTileValue	10	1
src/label_printer/core/LabelPrinterPrivate.h	98	splitMeasuredValue	0	2
src/label_printer/core/LabelPrinterPrivate.h	99	splitRackLocation	0	2
src/label_printer/core/LabelPrinterPrivate.h	100	fallbackParameterTiles	0	1
src/label_printer/core/LabelPrinterPrivate.h	101	parameterTilesForItem	0	2
src/label_printer/core/LabelPrinterPrivate.h	103	makeJobName	0	2
src/label_printer/core/LabelPrinterPrivate.h	104	rackDisplayCategory	0	1
src/label_printer/core/LabelPrinterPrivate.h	105	rackNumberText	0	1
src/label_printer/core/LabelPrinterPrivate.h	106	rackShortCategory	0	1
src/label_printer/core/LabelPrinterPrivate.h	107	makeRackJobName	0	1
src/label_printer/core/LabelPrinterPrivate.h	108	partContextHeader	0	2
src/label_printer/core/LabelPrinterPrivate.h	112	createPlatformPrinterBackend	0	3
src/label_printer/layout/LabelPrinterZpl.h	32	scaledDots	0	1
src/label_printer/layout/LabelPrinterZpl.h	37	centeredTop	0	2
src/label_printer/layout/LabelPrinterZpl.h	42	centeredLeft	0	2
src/label_printer/layout/LabelPrinterZpl.h	46	writeText	0	2
src/label_printer/layout/LabelPrinterZpl.h	52	writeBox	0	2
src/label_printer/layout/LabelPrinterZpl.h	60	writeGraphic	0	1
src/label_printer/layout/LabelPrinterZpl.h	69	writeBrandHeader	0	2
src/label_printer/symbols/RackSymbols.h	33	rackSymbolKey	10	2
src/label_printer/symbols/RackSymbols.h	34	rackSymbolFor	0	2
src/label_printer/symbols/RackSymbols.h	36	symbolStandardKey	0	2
src/label_printer/symbols/RackSymbols.h	38	parseSymbolStandard	3	2
src/label_printer/symbols/RackSymbols.h	39	symbolStandardLabel	0	2
src/platform/digikey/DigiKeyApi.h	28	valid	12	13
src/platform/digikey/DigiKeyApi.h	52	loadDigiKeyConfig	0	5
src/platform/digikey/DigiKeyApi.h	56	validateDigiKeyJsonPayload	5	1
src/platform/digikey/DigiKeyApi.h	60	DigiKeyApiClient	0	1
src/platform/digikey/DigiKeyApi.h	62	testConnection	0	2
src/platform/digikey/DigiKeyApi.h	64	fetchProductDetails	0	4
src/platform/digikey/DigiKeyApi.h	68	ensureAccessToken	0	1
src/platform/digikey/DigiKeyApi.h	69	requestToken	0	1
src/platform/digikey/DigiKeyApi.h	70	requestProductDetails	0	1
src/platform/digikey/DigiKeyApi.h	72	requestKeywordSearch	0	1
src/platform/digikey/DigiKeyApiPrivate.h	51	JsonValue	0	0
src/platform/digikey/DigiKeyApiPrivate.h	70	trimCopy	0	6
src/platform/digikey/DigiKeyApiPrivate.h	71	encodeFormValue	0	3
src/platform/digikey/DigiKeyApiPrivate.h	72	encodePathSegment	0	3
src/platform/digikey/DigiKeyApiPrivate.h	73	encodeComponent	0	3
src/platform/digikey/DigiKeyApiPrivate.h	74	escapeJsonString	0	3
src/platform/digikey/DigiKeyApiPrivate.h	75	widen	0	5
src/platform/digikey/DigiKeyApiPrivate.h	76	narrow	0	3
src/platform/digikey/DigiKeyApiPrivate.h	77	requestHttp	0	3
src/platform/digikey/DigiKeyApiPrivate.h	80	parseJson	0	2
src/platform/digikey/DigiKeyApiPrivate.h	81	asValue	0	1
src/platform/digikey/DigiKeyApiPrivate.h	82	asObject	0	2
src/platform/digikey/DigiKeyApiPrivate.h	83	asArray	0	3
src/platform/digikey/DigiKeyApiPrivate.h	84	valueText	0	2
src/platform/digikey/DigiKeyApiPrivate.h	85	findMember	0	4
src/platform/digikey/DigiKeyApiPrivate.h	86	readPath	0	3
src/platform/digikey/DigiKeyApiPrivate.h	87	readStringPath	0	2
src/platform/digikey/DigiKeyApiPrivate.h	88	readFirstMember	0	3
src/platform/digikey/DigiKeyApiPrivate.h	89	extractCategoryPath	0	2
src/platform/digikey/DigiKeyApiPrivate.h	91	normalizeParameterKey	0	2
src/platform/digikey/DigiKeyApiPrivate.h	92	looksLikeInductanceValue	0	4
src/platform/digikey/DigiKeyApiPrivate.h	93	readParameterText	0	2
src/platform/digikey/DigiKeyApiPrivate.h	94	looksLikePackagingType	0	2
src/platform/digikey/DigiKeyApiPrivate.h	95	readParameterValue	0	2
src/platform/digikey/DigiKeyApiPrivate.h	96	extractInductanceFromText	0	3
src/platform/digikey/DigiKeyApiPrivate.h	98	resolveSearchResult	0	2
src/platform/digikey/DigiKeyApiPrivate.h	99	parseProductDetails	0	2
src/platform/digikey/DigiKeyApiPrivate.h	101	isSafeHeaderValue	0	3
src/platform/digikey/DigiKeyApiPrivate.h	102	appendHeader	0	3
src/platform/digikey/DigiKeyApiPrivate.h	103	appendAuthorizationHeader	0	3
src/platform/digikey/DigiKeyApiPrivate.h	104	isUnsignedDecimal	0	3
src/platform/digikey/DigiKeyApiPrivate.h	105	isFiniteDecimal	9	3
src/platform/scanner/BleProvisioningService.h	41	startDiscovery	0	3
src/platform/scanner/BleProvisioningService.h	42	stopDiscovery	0	3
src/platform/scanner/BleProvisioningService.h	43	devices	0	4
src/platform/scanner/BleProvisioningService.h	44	provision	0	3
src/platform/scanner/BleProvisioningService.h	47	discoveryLoop	0	2
src/platform/scanner/BleProvisioningService.h	48	rememberDevice	0	2
src/platform/scanner/HttpServer.h	51	start	22	9
src/platform/scanner/HttpServer.h	52	stop	16	13
src/platform/scanner/HttpServer.h	53	setDeviceCredentials	14	7
src/platform/scanner/HttpServer.h	55	running	1	8
src/platform/scanner/HttpServer.h	56	port	28	3
src/platform/scanner/HttpServer.h	57	baseUrl	0	1
src/platform/scanner/HttpServer.h	58	addresses	1	3
src/platform/scanner/HttpServer.h	66	workerLoop	0	1
src/platform/scanner/HttpServer.h	67	readerLoop	0	1
src/platform/scanner/HttpServer.h	68	acceptLoop	0	1
src/platform/scanner/HttpServer.h	69	serveConnection	0	2
src/platform/scanner/HttpServer.h	70	responseText	0	2
src/platform/scanner/HttpServer.h	71	authenticatedResponseText	0	2
src/platform/scanner/HttpServer.h	72	reserveReplayCounter	0	2
src/platform/scanner/HttpServer.h	73	releaseReplayCounter	0	2
src/platform/scanner/HttpServer.h	74	advanceReplayCounter	0	2
src/platform/scanner/HttpServer.h	75	bindSocket	0	1
src/platform/scanner/HttpServer.h	76	sendAll	0	2
src/platform/scanner/HttpServerProtocolInternal.h	15	jsonEscape	0	3
src/platform/scanner/HttpServerProtocolInternal.h	16	trimHttp	0	1
src/platform/scanner/HttpServerProtocolInternal.h	17	parseHttpHeaders	0	3
src/platform/scanner/HttpServerProtocolInternal.h	19	parseContentLength	0	3
src/platform/scanner/HttpServerProtocolInternal.h	20	headerCounter	0	2
src/platform/scanner/HttpServerProtocolInternal.h	21	tokensMatch	0	2
src/platform/scanner/HttpServerProtocolInternal.h	22	httpStatusText	0	2
src/platform/scanner/HttpServerProtocolInternal.h	23	loadReplayState	0	2
src/platform/scanner/HttpServerProtocolInternal.h	25	saveReplayState	0	2
src/platform/scanner/MdnsService.h	32	start	22	9
src/platform/scanner/MdnsService.h	33	stop	16	13
src/platform/scanner/MdnsService.h	34	running	1	8
src/platform/scanner/MdnsService.h	39	registrationComplete	0	1
src/platform/scanner/MdnsService.h	40	waitForRegistrationCompletion	0	1
src/platform/scanner/SocketPlatform.h	18	closeSocket	3	2
src/platform/scanner/SocketPlatform.h	19	setSocketNonBlocking	0	1
src/platform/scanner/SocketPlatform.h	21	ioctlsocket	0	0
src/platform/scanner/SocketPlatform.h	23	socketLastError	0	1
src/platform/scanner/SocketPlatform.h	24	socketWouldBlock	0	1
src/platform/scanner/SocketPlatform.h	45	fcntl	1	1
src/platform/security/CredentialStore.h	14	read	25	13
src/platform/security/CredentialStore.h	15	write	8	10
src/platform/security/CredentialStore.h	16	erase	6	23
src/platform/security/CredentialStore.h	22	workspaceScopedKey	2	2
src/platform/security/CredentialStore.h	24	readForWorkspace	5	2
src/platform/security/CredentialStore.h	26	writeForWorkspace	2	4
src/platform/security/CredentialStore.h	28	eraseForWorkspace	4	4
src/platform/system/BackgroundController.h	32	acquireSingleInstance	3	3
src/platform/system/BackgroundController.h	33	signalExistingInstance	1	3
src/platform/system/BackgroundController.h	34	backgroundServiceRunning	5	3
src/platform/system/BackgroundController.h	35	interactiveInstanceRunning	0	5
src/platform/system/BackgroundController.h	36	requestBackgroundServiceQuit	1	2
src/platform/system/BackgroundController.h	37	waitForBackgroundServiceToStop	0	2
src/platform/system/BackgroundController.h	40	forceStopBackgroundService	1	2
src/platform/system/BackgroundController.h	44	stopBackgroundService	3	3
src/platform/system/BackgroundController.h	46	restartAsBackgroundService	0	3
src/platform/system/BackgroundController.h	47	start	22	9
src/platform/system/BackgroundController.h	48	stop	16	13
src/platform/system/BackgroundController.h	49	enabled	0	3
src/platform/system/BackgroundController.h	50	hideConsole	0	3
src/platform/system/BackgroundController.h	51	showConsole	0	2
src/platform/system/BackgroundController.h	52	requestQuitFromTray	0	2
src/platform/system/BackgroundController.h	53	requestOpenFromTray	0	2
src/platform/system/BackgroundController.h	59	trayThreadMain	0	1
src/platform/system/Console.h	50	restore	16	1
src/platform/system/Console.h	60	consoleSize	0	1
src/platform/system/Console.h	61	clearConsole	0	1
src/platform/system/Console.h	62	hideCursor	0	1
src/platform/system/Console.h	63	showCursor	0	1
src/platform/system/Console.h	64	setConsoleTitle	0	2
src/platform/system/Console.h	65	initializeConsoleWindow	0	3
src/platform/system/Console.h	66	ensureTerminalAttached	1	3
src/platform/system/Console.h	68	requestTerminalAttention	0	3
src/platform/system/Console.h	70	waitForAcknowledgement	0	3
src/platform/system/Console.h	72	buildTerminalCandidateArgs	4	1
src/platform/system/Console.h	75	openUrl	0	3
src/platform/system/Console.h	76	copyToClipboard	0	3
src/platform/system/Console.h	77	openCsvFileDialog	0	3
src/platform/system/Console.h	78	saveFileDialog	0	4
src/platform/system/Console.h	80	openFolderDialog	0	5
src/platform/system/Console.h	81	localAddresses	0	2
src/platform/system/Console.h	82	privateLocalAddresses	2	3
src/platform/system/Console.h	83	controlModifierPressed	0	3
src/platform/system/Console.h	84	pollKeys	0	1
src/platform/system/Environment.h	13	environmentValue	2	6
src/platform/system/StartupRegistration.h	9	buildBackgroundStartupLauncherPath	1	3
src/platform/system/StartupRegistration.h	10	buildBackgroundStartupCommand	1	3
src/platform/system/StartupRegistration.h	11	buildDesktopShortcutPath	2	2
src/platform/system/StartupRegistration.h	12	createDesktopShortcut	3	4
src/platform/system/StartupRegistration.h	13	setBackgroundStartupEnabled	3	4
src/platform/system/StartupRegistration.h	17	startBackgroundServiceUnit	2	2
src/platform/system/UpdateService.h	24	isUpdateCheckDue	4	2
src/platform/system/UpdateService.h	25	isVersionNewer	8	5
src/platform/system/UpdateService.h	26	updateEtaSeconds	3	2
src/platform/system/UpdateService.h	27	parseReleaseMetadata	9	1
src/platform/system/UpdateService.h	29	buildReleaseAssetUrl	5	2
src/platform/system/UpdateService.h	31	parseSha256Checksum	4	2
src/platform/system/UpdateService.h	33	downloadReleaseAsset	1	2
src/platform/system/UpdateService.h	35	verifyReleaseFileSha256	2	2
src/platform/system/UpdateService.h	37	launchUpdateInstaller	0	2
src/platform/system/UpdateService.h	49	relaunchAfterUpdate	0	2
src/platform/system/UpdateService.h	50	checkLatestRelease	0	3
src/platform/system/UpdateService.h	55	checkLatestScanFirmwareRelease	0	2
